cc1,0,2025-04-15T15:00:40.803,GMT,Checksum:,4089
cc1,0,2025-04-15T15:00:46.272,GMT,Checksum:,4095
cc1,0,2025-04-15T15:00:51.576,GMT,Checksum:,4098
cc1,0,2025-04-15T15:00:57.066,GMT,Checksum:,4098
cc1,0,2025-04-15T15:03:12.026,GMT,Checksum:,4088
cc1,0,2025-04-15T15:03:17.352,GMT,Checksum:,4095
cc1,0,2025-04-15T15:03:22.486,GMT,Checksum:,4099
cc1,0,2025-04-15T15:03:27.665,GMT,Checksum:,4103
cc1,0,2025-04-15T15:03:33.556,GMT,Checksum:,4099
cc1,0,2025-04-15T15:03:38.762,GMT,Checksum:,4103
cc1,0,2025-04-15T15:03:44.370,GMT,Checksum:,4095
cc1,0,2025-04-15T15:03:49.967,GMT,Checksum:,4112
cc1,0,2025-04-15T15:03:55.444,GMT,Checksum:,4099
cc1,0,2025-04-15T15:04:27.790,GMT,Checksum:,4103
cc1,0,2025-04-15T15:04:32.986,GMT,Checksum:,4106
cc1,0,2025-04-15T15:04:38.102,GMT,Checksum:,4092
cc1,0,2025-04-15T15:04:43.153,GMT,Checksum:,4094
cc1,0,2025-04-15T15:07:14.985,GMT,Checksum:,4108
cc1,0,2025-04-15T15:07:20.246,GMT,Checksum:,4095
cc1,0,2025-04-15T15:07:25.482,GMT,Checksum:,4102
cc1,0,2025-04-15T15:07:30.659,GMT,Checksum:,4104
cc1,0,2025-04-15T15:09:24.457,GMT,Checksum:,4105
cc1,0,2025-04-15T15:09:29.949,GMT,Checksum:,4116
cc1,0,2025-04-15T15:09:35.479,GMT,Checksum:,4111
cc1,0,2025-04-15T15:09:40.885,GMT,Checksum:,4108
cc1,0,2025-04-15T15:15:03.032,GMT,Checksum:,4088
cc1,0,2025-04-15T15:15:08.404,GMT,Checksum:,4096
cc1,0,2025-04-15T15:15:13.931,GMT,Checksum:,4097
cc1,0,2025-04-15T15:15:19.542,GMT,Checksum:,4101
cc1,0,2025-04-15T15:16:13.910,GMT,Checksum:,4095
cc1,0,2025-04-15T15:16:19.365,GMT,Checksum:,4105
cc1,0,2025-04-15T15:16:24.960,GMT,Checksum:,4102
cc1,0,2025-04-15T15:16:30.379,GMT,Checksum:,4103
cc1,0,2025-04-15T15:19:34.148,GMT,Checksum:,4104
cc1,0,2025-04-15T15:19:39.824,GMT,Checksum:,4110
cc1,0,2025-04-15T15:19:45.432,GMT,Checksum:,4102
cc1,0,2025-04-15T15:19:51.015,GMT,Checksum:,4096
cc1,0,2025-04-15T15:21:10.502,GMT,Checksum:,4085
cc1,0,2025-04-15T15:24:51.310,GMT,Checksum:,4090
cc1,0,2025-04-15T15:26:49.625,GMT,Checksum:,4108
cc1,0,2025-04-15T15:27:34.014,GMT,Checksum:,4095
cc1,0,2025-04-15T15:29:10.385,GMT,Checksum:,4102
cc1,0,2025-04-15T15:29:35.832,GMT,Checksum:,4106
cc1,0,2025-04-15T15:29:42.963,GMT,Checksum:,4109
cc1,0,2025-04-15T15:29:49.091,GMT,Checksum:,4108
cc1,0,2025-04-15T15:29:55.367,GMT,Checksum:,4111
cc1,0,2025-04-15T15:30:01.518,GMT,Checksum:,4092
cc1,0,2025-04-15T15:30:07.730,GMT,Checksum:,4094
cc1,0,2025-04-15T15:30:52.819,GMT,Checksum:,4102
cc1,0,2025-04-15T16:26:53.782,GMT,Checksum:,4108
cc1,0,2025-04-15T16:27:00.181,GMT,Checksum:,4094
cc1,0,2025-04-15T16:27:06.706,GMT,Checksum:,4103
cc1,0,2025-04-15T16:27:13.027,GMT,Checksum:,4097
cc1,0,2025-04-15T16:27:57.001,GMT,Checksum:,4097
cc1,0,2025-04-15T16:28:03.407,GMT,Checksum:,4099
cc1,0,2025-04-15T16:28:09.745,GMT,Checksum:,4110
cc1,0,2025-04-15T16:28:15.916,GMT,Checksum:,4107
cc1,0,2025-04-15T18:29:26.393,GMT,Checksum:,4111
cc1,0,2025-04-15T18:29:33.090,GMT,Checksum:,4103
cc1,0,2025-04-15T18:29:39.933,GMT,Checksum:,4115
cc1,0,2025-04-15T18:29:46.306,GMT,Checksum:,4107
cc1,0,2025-04-15T18:31:04.478,GMT,Checksum:,4104
cc1,0,2025-04-15T18:31:49.177,GMT,Checksum:,4109
