cc1,1,2025-04-16T08:41:08.495,b6:18:fc:ea:5f:68,4,2025-04-16,08:41:02.147000,2025-04-16,08:41:02.147000,0.0,0.0,0.0,0.0,0.0,0.0,0.0,0.0,0.0,0.0,0.0,0.0,0.0,0.0,0.0,0.0,0.0,0.0,0.0,0.0,0.0,0.0,0.0,0.0,0.0,0.0,0.0,0.0,0.0,0.0,0.0,0.0,0.0,0.0,0.0,0.0,0.0,0.0,0.0,0.0,0.0,0.0,0.0,Checksum:,13839
cc2,1,2025-04-16T08:41:08.783,66:40:f4:4c:ac:ea,4,2025-04-16,08:41:04.584000,2025-04-16,08:41:04.584000,1.998106842853189,83.92048739983393,0.0,0.9990534214265945,41.960243699916965,0.0,0.9990534214265945,41.960243699916965,0.0,0.0033568194959933575,0.0033568194959933575,0.00033568194959933574,0.0,0.0,0.9990534214265945,0.0,41.960243699916965,0.0,0.0,0.0,0.9990534214265945,0.0,41.960243699916965,0.0,0.0,0.0,0.0033568194959933575,0.0,0.0033568194959933575,0.0,0.00033568194959933574,0.0,0.0,0.24976335535664862,10.490060924979241,0.0,0.24976335535664862,10.490060924979241,0.0,0.0008392048739983394,0.0008392048739983394,8.392048739983394e-05,0.0,Checksum:,33812
cc3,0,2025-04-16T08:41:08.783,Checksum:,3419
cc1,1,2025-04-16T08:41:25.390,b6:18:fc:ea:5f:68,4,2025-04-16,08:41:21.118000,2025-04-16,08:41:14.409000,0.9517056335296159,409.621790395909,0.0,0.237926408382404,14.166196032194735,0.0,0.7137792251472119,395.4555943637143,0.0,0.0011332956825755788,0.03163644754909714,0.001638487161583636,0.0,0.0,0.14904596000477738,0.0,10.433217200334417,0.0,0.0,0.0,0.44713788001433213,0.0,260.9794759683652,0.0,0.0,0.0,0.0008346573760267534,0.0,0.020878358077469215,0.0,0.0010439179038734608,0.0,0.0,0.059481602095601,3.5415490080486838,0.0,0.17844480628680298,98.86389859092857,0.0,0.0002833239206438947,0.007909111887274285,0.000409621790395909,0.0,Checksum:,32911
cc2,1,2025-04-16T08:41:25.673,66:40:f4:4c:ac:ea,4,2025-04-16,08:41:22.524000,2025-04-16,08:41:15.816000,3.0653454966123705,574.912505582647,0.0,2.277967964572018,136.91736475819144,0.0,0.7873775320403527,437.9951408244555,0.0,0.010953389180655316,0.03503961126595644,0.0022996500223305878,0.0,0.0,0.8943542595189993,0.0,53.95937365764629,0.0,0.0,0.0,0.2981180865063331,0.0,269.20063211521875,0.0,0.0,0.0,0.004316749892611703,0.0,0.0215360505692175,0.0,0.0011602755926826483,0.0,0.0,0.5694919911430045,34.22934118954786,0.0,0.19684438301008816,109.49878520611388,0.0,0.002738347295163829,0.00875990281648911,0.0005749125055826469,0.0,Checksum:,32665
cc3,0,2025-04-16T08:41:25.671,Checksum:,3414
cc1,1,2025-04-16T08:41:42.397,b6:18:fc:ea:5f:68,4,2025-04-16,08:41:38.046000,2025-04-16,08:41:31.321000,8.063836941503897,1088.74757041339,0.0,7.27637863659713,613.628583139229,0.0,0.7874583049067676,475.118987274161,0.0,0.04909028665113832,0.03800951898193288,0.00435499028165356,0.0,0.446116414756087,1.470142085208129,31.22814903292609,128.98046560892652,0.0,0.0,0.0,0.29741094317072464,0.0,294.5855392106028,0.0,0.0,0.002498251922634087,0.010318437248714122,0.0,0.023566843136848224,0.00012491259613170436,0.001344892285018017,0.0,0.0,1.8190946591492825,153.40714578480726,0.0,0.1968645762266919,118.77974681854025,0.0,0.01227257166278458,0.00950237974548322,0.00108874757041339,0.0,Checksum:,35507
cc2,1,2025-04-16T08:41:42.675,66:40:f4:4c:ac:ea,4,2025-04-16,08:41:39.455000,2025-04-16,08:41:32.709000,7.5258809780882965,1054.107797055941,0.0,6.590213039076971,555.7962499942465,0.0,0.935667939011323,498.31154706169457,0.0,0.04446369999953973,0.03986492376493556,0.004216431188223764,0.0,0.4447125453851712,1.3746751021532253,26.830990238238662,122.34608409163705,0.0,0.0,0.0,0.2964750302567808,0.0,286.8395917734354,0.0,0.0,0.002146479219059093,0.009787686727330965,0.0,0.022947167341874835,0.00010732396095295465,0.0012718778798015897,0.0,0.0,1.6475532597692428,138.94906249856163,0.0,0.23391698475283074,124.57788676542364,0.0,0.011115924999884933,0.00996623094123389,0.001054107797055941,0.0,Checksum:,36255
cc3,0,2025-04-16T08:41:42.675,Checksum:,3417
cc1,1,2025-04-16T08:41:59.176,b6:18:fc:ea:5f:68,4,2025-04-16,08:41:54.876000,2025-04-16,08:41:48.253000,0.49793369743279436,413.82837998072523,0.0,0.0,0.0,0.0,0.49793369743279436,413.82837998072523,0.0,0.0,0.03310627039845802,0.0016553135199229008,0.0,0.0,0.0,0.0,0.0,0.0,0.0,0.0,0.301992049055103,0.0,234.34583006675996,0.0,0.0,0.0,0.0,0.0,0.0187476664053408,0.0,0.0009373833202670399,0.0,0.0,0.0,0.0,0.0,0.12448342435819859,103.45709499518131,0.0,0.0,0.008276567599614504,0.0004138283799807252,0.0,Checksum:,25685
cc2,1,2025-04-16T08:41:59.458,66:40:f4:4c:ac:ea,4,2025-04-16,08:41:56.265000,2025-04-16,08:41:49.653000,0.8459402202285243,445.70318793907694,0.0,0.34734889367307187,14.241304640595947,0.0,0.49859132655545246,431.461883298481,0.0,0.0011393043712476757,0.03451695066387848,0.0017828127517563075,0.0,0.0,0.19610646079069124,0.0,8.040364892418342,0.0,0.0,0.0,0.3024848657647612,0.0,246.82765046404515,0.0,0.0,0.0,0.0006432291913934674,0.0,0.019746212037123612,0.0,0.0009873106018561807,0.0,0.0,0.08683722341826797,3.560326160148987,0.0,0.12464783163886312,107.86547082462025,0.0,0.0002848260928119189,0.00862923766596962,0.0004457031879390769,0.0,Checksum:,33218
cc3,0,2025-04-16T08:41:59.453,Checksum:,3419
cc1,1,2025-04-16T08:42:16.099,b6:18:fc:ea:5f:68,4,2025-04-16,08:42:11.830000,2025-04-16,08:42:05.028000,0.49102174239270135,380.4918608751078,0.0,0.0,0.0,0.0,0.49102174239270135,380.4918608751078,0.0,0.0,0.030439348870008626,0.0015219674435004312,0.0,0.0,0.0,0.0,0.0,0.0,0.0,0.0,0.29402150877130384,0.0,228.01368005214613,0.0,0.0,0.0,0.0,0.0,0.018241094404171692,0.0,0.0009120547202085845,0.0,0.0,0.0,0.0,0.0,0.12275543559817534,95.12296521877695,0.0,0.0,0.007609837217502156,0.0003804918608751078,0.0,Checksum:,25632
cc2,1,2025-04-16T08:42:16.381,66:40:f4:4c:ac:ea,4,2025-04-16,08:42:13.233000,2025-04-16,08:42:06.436000,0.9817986052688199,419.9643534037376,0.0,0.4908993026344099,20.126871408010807,0.0,0.4908993026344099,399.8374819957269,0.0,0.0016101497126408645,0.03198699855965815,0.0016798574136149505,0.0,0.0,0.29426117244966526,0.0,12.064708070436277,0.0,0.0,0.0,0.29426117244966526,0.0,239.67572496025235,0.0,0.0,0.0,0.0009651766456349021,0.0,0.01917405799682019,0.0,0.0009587028998410094,0.0,0.0,0.12272482565860247,5.031717852002702,0.0,0.12272482565860247,99.95937049893172,0.0,0.0004025374281602161,0.007996749639914537,0.00041996435340373764,0.0,Checksum:,33256
cc3,0,2025-04-16T08:42:16.377,Checksum:,3418
cc1,1,2025-04-16T08:42:33.043,b6:18:fc:ea:5f:68,4,2025-04-16,08:42:28.775000,2025-04-16,08:42:21.966000,3.2355204595070317,591.8624624549267,0.0,2.498957105590061,174.92699739130427,0.0,0.736563353916971,416.9354650636225,0.0,0.01399415979130434,0.03335483720508979,0.002367449849819707,0.0,0.0,1.0280630218093025,0.0,71.96441152665118,0.0,0.0,0.0,0.2959649159986985,0.0,246.7351252342326,0.0,0.0,0.0,0.005757152922132094,0.0,0.019738810018738607,0.0,0.0010280630218093027,0.0,0.0,0.6247392763975153,43.73174934782607,0.0,0.18414083847924276,104.23386626590562,0.0,0.003498539947826085,0.008338709301272448,0.0005918624624549267,0.0,Checksum:,32672
cc2,1,2025-04-16T08:42:33.331,66:40:f4:4c:ac:ea,4,2025-04-16,08:42:30.158000,2025-04-16,08:42:23.435000,4.096957725614428,675.5032698251232,0.0,3.45468250916794,231.82924469988387,0.0,0.6422752164464882,443.67402512523944,0.0,0.01854633957599071,0.035493922010019156,0.002702013079300493,0.0,0.1960277853218546,0.5949965748328448,13.721944972529824,41.649760238299145,0.0,0.0,0.0,0.2974982874164224,0.0,273.4009261356922,0.0,0.0,0.0010977555978023859,0.0033319808190639313,0.0,0.021872074090855377,5.48877798901193e-05,0.0012602027454959655,0.0,0.0,0.863670627291985,57.95731117497097,0.0,0.16056880411162205,110.91850628130986,0.0,0.004636584893997677,0.008873480502504789,0.0006755032698251232,0.0,Checksum:,36259,CC2DC,ROU
cc3,0,2025-04-16T08:42:33.329,Checksum:,3414
cc1,1,2025-04-16T08:42:50.001,b6:18:fc:ea:5f:68,4,2025-04-16,08:42:45.703000,2025-04-16,08:42:39.064000,5.092805223131493,897.208840718242,0.0,4.402763492275475,411.60707574631226,0.0,0.6900417308560186,485.6017649719298,0.0,0.032928566059704976,0.038848141197754385,0.0035888353628729676,0.0,0.15063434045239102,1.0691258873659006,10.544403831667372,100.69221993737027,0.0,0.0,0.0,0.30126868090478204,0.0,289.36856800904314,0.0,0.0,0.0008435523065333898,0.00805537759498962,0.0,0.02314948544072345,4.2177615326669486e-05,0.001199651887362842,0.0,0.0,1.1006908730688687,102.90176893657807,0.0,0.17251043271400465,121.40044124298245,0.0,0.008232141514926244,0.009712035299438596,0.0008972088407182419,0.0,Checksum:,36388
cc2,1,2025-04-16T08:42:50.274,66:40:f4:4c:ac:ea,4,2025-04-16,08:42:47.117000,2025-04-16,08:42:40.475000,5.296171518316292,890.7356132895028,0.0,4.456747428645612,400.7441920850451,0.0,0.839424089670679,489.99142120445777,0.0,0.03205953536680361,0.039199313696356625,0.003562942453158011,0.0,0.15057635258132132,0.8723138218351089,10.540344680692492,86.84368715158418,0.0,0.0,0.0,0.30115270516264264,0.0,283.0835428528841,0.0,0.0,0.0008432275744553994,0.006947494972126734,0.0,0.022646683428230726,8.432275744553993e-05,0.0012166569288570763,0.0,0.0,1.114186857161403,100.18604802126127,0.0,0.20985602241766976,122.49785530111444,0.0,0.008014883841700902,0.009799828424089156,0.0008907356132895028,0.0,Checksum:,36215
cc3,0,2025-04-16T08:42:50.272,Checksum:,3410
cc1,1,2025-04-16T08:43:07.059,b6:18:fc:ea:5f:68,4,2025-04-16,08:43:02.721000,2025-04-16,08:42:55.860000,1.3706051949367979,510.9358227428023,0.0,0.8822106930978607,61.75474851685024,0.0,0.48839450183893707,449.1810742259521,0.0,0.004940379881348019,0.03593448593807616,0.0020437432909712096,0.0,0.0,0.1969080956294618,0.0,13.783566694062324,0.0,0.0,0.0,0.2914864062094753,0.0,267.73026410340304,0.0,0.0,0.0,0.001102685335524986,0.0,0.021418421128272244,0.0,0.0011117291532829387,0.0,0.0,0.22055267327446518,15.43868712921256,0.0,0.12209862545973427,112.29526855648803,0.0,0.0012350949703370047,0.00898362148451904,0.0005109358227428024,0.0,Checksum:,32954
cc2,1,2025-04-16T08:43:07.344,66:40:f4:4c:ac:ea,4,2025-04-16,08:43:04.138000,2025-04-16,08:42:57.369000,1.4185961942714442,511.83279406057795,0.0,0.9280582805048275,55.022581259289986,0.0,0.4905379137666167,456.81021280128795,0.0,0.004401806500743199,0.03654481702410303,0.002047331176242312,0.0,0.0,0.19508266389186263,0.0,13.655786472430385,0.0,0.0,0.0,0.2954552498747541,0.0,272.2620127595859,0.0,0.0,0.0,0.001092462917794431,0.0,0.021780961020766872,0.0,0.0010890480510383437,0.0,0.0,0.23201457012620688,13.755645314822496,0.0,0.12263447844165418,114.20255320032199,0.0,0.0011004516251857997,0.009136204256025758,0.000511832794060578,0.0,Checksum:,32999
cc3,0,2025-04-16T08:43:07.341,Checksum:,3410
cc1,1,2025-04-16T08:43:23.915,b6:18:fc:ea:5f:68,4,2025-04-16,08:43:19.524000,2025-04-16,08:43:12.925000,0.4990707275592414,399.67105751346116,0.0,0.0,0.0,0.0,0.4990707275592414,399.67105751346116,0.0,0.0,0.03197368460107689,0.0015986842300538446,0.0,0.0,0.0,0.0,0.0,0.0,0.0,0.0,0.30307525017521847,0.0,235.03485651088192,0.0,0.0,0.0,0.0,0.0,0.018802788520870552,0.0,0.0009401394260435277,0.0,0.0,0.0,0.0,0.0,0.12476768188981036,99.91776437836529,0.0,0.0,0.007993421150269223,0.00039967105751346116,0.0,Checksum:,25742
cc2,1,2025-04-16T08:43:24.200,66:40:f4:4c:ac:ea,4,2025-04-16,08:43:20.934000,2025-04-16,08:43:14.326000,0.8466275909670944,420.7718598407411,0.0,0.347646372029111,14.25350125319355,0.0,0.49898121893798336,406.5183585875476,0.0,0.001140280100255484,0.032521468687003806,0.0016830874393629644,0.0,0.0,0.19631152512023853,0.0,8.04877252992978,0.0,0.0,0.0,0.30266969381774483,0.0,246.52446561455318,0.0,0.0,0.0,0.0006439018023943824,0.0,0.019721957249164253,0.0,0.0009860978624582127,0.0,0.0,0.08691159300727774,3.5633753132983874,0.0,0.12474530473449584,101.6295896468869,0.0,0.000285070025063871,0.008130367171750951,0.0004207718598407411,0.0,Checksum:,33013
cc3,0,2025-04-16T08:43:24.200,Checksum:,3403
cc1,1,2025-04-16T08:43:40.775,b6:18:fc:ea:5f:68,4,2025-04-16,08:43:36.529000,2025-04-16,08:43:29.701000,0.48942577009931887,379.5014977083255,0.0,0.0,0.0,0.0,0.48942577009931887,379.5014977083255,0.0,0.0,0.030360119816666038,0.001518005990833302,0.0,0.0,0.0,0.0,0.0,0.0,0.0,0.0,0.29289988874591405,0.0,226.99741377808337,0.0,0.0,0.0,0.0,0.0,0.01815979310224667,0.0,0.0009079896551123335,0.0,0.0,0.0,0.0,0.0,0.12235644252482972,94.87537442708137,0.0,0.0,0.0075900299541665096,0.0003795014977083255,0.0,Checksum:,25750
cc2,1,2025-04-16T08:43:41.052,66:40:f4:4c:ac:ea,4,2025-04-16,08:43:37.931000,2025-04-16,08:43:31.103000,0.9791992319696097,418.9026699378697,0.0,0.48959961598480484,20.073584255377,0.0,0.48959961598480484,398.8290856824927,0.0,0.0016058867404301598,0.03190632685459941,0.0016756106797514785,0.0,0.0,0.29293410207713216,0.0,12.01029818516242,0.0,0.0,0.0,0.29293410207713216,0.0,238.4483590907856,0.0,0.0,0.0,0.0009608238548129936,0.0,0.019075868727262846,0.0,0.0009537934363631424,0.0,0.0,0.12239990399620121,5.01839606384425,0.0,0.12239990399620121,99.70727142062317,0.0,0.00040147168510753996,0.007976581713649853,0.00041890266993786963,0.0,Checksum:,33186
cc3,0,2025-04-16T08:43:41.049,Checksum:,3413
cc1,1,2025-04-16T08:43:57.612,b6:18:fc:ea:5f:68,4,2025-04-16,08:43:53.308000,2025-04-16,08:43:46.728000,0.5000471268178756,387.63457855669526,0.0,0.0,0.0,0.0,0.5000471268178756,387.63457855669526,0.0,0.0,0.03101076628453562,0.001550538314226781,0.0,0.0,0.0,0.0,0.0,0.0,0.0,0.0,0.3039365811344788,0.0,235.5508503792211,0.0,0.0,0.0,0.0,0.0,0.018844068030337686,0.0,0.0009422034015168844,0.0,0.0,0.0,0.0,0.0,0.1250117817044689,96.90864463917381,0.0,0.0,0.007752691571133905,0.00038763457855669526,0.0,Checksum:,25539
cc2,1,2025-04-16T08:43:57.888,66:40:f4:4c:ac:ea,4,2025-04-16,08:43:54.719000,2025-04-16,08:43:48.126000,0.8474050509051205,421.8409747243749,0.0,0.3478553975863199,14.262071301039114,0.0,0.49954965331880063,407.57890342333576,0.0,0.0011409657040831291,0.03260631227386686,0.0016873638988974997,0.0,0.0,0.19616114185383912,0.0,8.042606816007403,0.0,0.0,0.0,0.30338851146496154,0.0,247.41333109967616,0.0,0.0,0.0,0.0006434085452805922,0.0,0.01979306648797409,0.0,0.0009896533243987046,0.0,0.0,0.08696384939657997,3.5655178252597786,0.0,0.12488741332970016,101.89472585583394,0.0,0.0002852414260207823,0.008151578068466715,0.00042184097472437493,0.0,Checksum:,33405
cc3,0,2025-04-16T08:43:57.884,Checksum:,3427
cc1,1,2025-04-16T08:44:14.232,b6:18:fc:ea:5f:68,4,2025-04-16,08:44:09.968000,2025-04-16,08:44:03.462000,1.0088208972227255,438.5248865517058,0.0,0.40593094274448516,28.415165992113963,0.0,0.6028899544782403,410.1097205595919,0.0,0.002273213279369117,0.03280877764476735,0.0017540995462068231,0.0,0.0,0.1537257184388038,0.0,10.760800290716267,0.0,0.0,0.0,0.3074514368776076,0.0,250.5729210552502,0.0,0.0,0.0,0.0008608640232573013,0.0,0.020045833684420013,0.0,0.0010453348853838658,0.0,0.0,0.10148273568612129,7.103791498028491,0.0,0.15072248861956009,102.52743013989797,0.0,0.0005683033198422792,0.008202194411191837,0.0004385248865517058,0.0,Checksum:,33040
cc2,1,2025-04-16T08:44:14.512,66:40:f4:4c:ac:ea,4,2025-04-16,08:44:11.384000,2025-04-16,08:44:04.846000,1.051315917775548,450.9968876514923,0.0,0.5479259995592249,28.192099430648785,0.0,0.5033899182163231,422.8047882208435,0.0,0.0022553679544519024,0.03382438305766748,0.0018039875506059688,0.0,0.0,0.29623104045106347,0.0,15.009039382853883,0.0,0.0,0.0,0.30590255791561405,0.0,261.85258957576565,0.0,0.0,0.0,0.0012007231506283105,0.0,0.02094820716606125,0.0,0.0010474103583030625,0.0,0.0,0.13698149988980624,7.048024857662196,0.0,0.12584747955408077,105.70119705521087,0.0,0.0005638419886129756,0.00845609576441687,0.0004509968876514922,0.0,Checksum:,33118
cc3,0,2025-04-16T08:44:14.507,Checksum:,3413
cc1,1,2025-04-16T08:44:30.921,b6:18:fc:ea:5f:68,4,2025-04-16,08:44:26.640000,2025-04-16,08:44:20.107000,2.0782296317056206,538.3440786542678,0.0,1.4217762575348718,99.52433802744102,0.0,0.6564533741707489,438.81974062682684,0.0,0.007961947042195282,0.035105579250146145,0.0021533763146170714,0.0,0.0,0.6122583066912983,0.0,42.85808146839088,0.0,0.0,0.0,0.30612915334564916,0.0,262.50574899389414,0.0,0.0,0.0,0.0034286465174712703,0.0,0.021000459919511532,0.0,0.0010500229959755766,0.0,0.0,0.35544406438371795,24.881084506860255,0.0,0.16411334354268722,109.70493515670671,0.0,0.0019904867605488206,0.008776394812536536,0.0005383440786542678,0.0,Checksum:,33194
cc2,1,2025-04-16T08:44:31.199,66:40:f4:4c:ac:ea,4,2025-04-16,08:44:28.043000,2025-04-16,08:44:21.499000,3.217829321674352,616.8736772029453,0.0,2.56166970358226,164.7197338976585,0.0,0.6561596180920923,452.15394330528665,0.0,0.01317757871181268,0.036172315464422934,0.0024674947088117803,0.0,0.1528097783300326,0.4943257077549863,10.696684483102281,32.09005344930684,0.0,0.0,0.0,0.3056195566600652,0.0,280.4059432356098,0.0,0.0,0.0008557347586481825,0.0025672042759445476,0.0,0.022432475458848786,4.278673793240913e-05,0.0012499839867396666,0.0,0.0,0.640417425895565,41.179933474414625,0.0,0.16403990452302308,113.03848582632166,0.0,0.00329439467795317,0.009043078866105734,0.0006168736772029451,0.0,Checksum:,36245
cc3,0,2025-04-16T08:44:31.194,Checksum:,3414
cc1,1,2025-04-16T08:44:47.943,b6:18:fc:ea:5f:68,4,2025-04-16,08:44:43.676000,2025-04-16,08:44:36.978000,4.989698251573477,925.5345279117788,0.0,4.2516406566517775,456.4566283563354,0.0,0.7380575949216996,469.07789955544365,0.0,0.036516530268506826,0.03752623196443548,0.003702138111647116,0.0,0.19346361768455872,0.8957243367897231,13.54245323791911,102.41114917295833,0.0,0.0,0.0,0.2985747789299077,0.0,281.7053039203679,0.0,0.0,0.001083396259033529,0.008192891933836667,0.0,0.02253642431362943,5.416981295167644e-05,0.001536465812373305,0.0,0.0,1.0629101641629444,114.11415708908385,0.0,0.1845143987304249,117.26947488886091,0.0,0.009129132567126707,0.00938155799110887,0.000925534527911779,0.0,Checksum:,36177
cc2,1,2025-04-16T08:44:48.223,66:40:f4:4c:ac:ea,4,2025-04-16,08:44:45.090000,2025-04-16,08:44:38.398000,4.832523415404989,910.2700942322809,0.0,4.041672427095034,431.97453615835576,0.0,0.7908509883099548,478.29555807392524,0.0,0.034557962892668465,0.038263644645914016,0.003641080376929124,0.0,0.2897057878201429,0.8965706946447892,20.279405147410003,102.5079160877209,0.0,0.0,0.0,0.4482853473223946,0.0,285.70719469347284,0.0,0.0,0.0016223524117928002,0.008200633287017672,0.0,0.02285657557547783,8.111762058964001e-05,0.0014691805116245945,0.0,0.0,1.0104181067737585,107.99363403958894,0.0,0.1977127470774887,119.57388951848131,0.0,0.008639490723167116,0.009565911161478504,0.000910270094232281,0.0,Checksum:,36276
cc3,0,2025-04-16T08:44:48.225,Checksum:,3417
cc1,1,2025-04-16T08:45:04.970,b6:18:fc:ea:5f:68,4,2025-04-16,08:45:00.704000,2025-04-16,08:44:53.797000,1.4224165825756678,517.6722235622035,0.0,0.9352425726432311,65.46698008502617,0.0,0.48717400993243676,452.2052434771773,0.0,0.005237358406802094,0.03617641947817418,0.0020706888942488137,0.0,0.0,0.2964238147187197,0.0,20.749667030310377,0.0,0.0,0.0,0.28955813345329035,0.0,266.2487037103005,0.0,0.0,0.0,0.0016599733624248303,0.0,0.02129989629682404,0.0,0.001064994814841202,0.0,0.0,0.23381064316080777,16.36674502125654,0.0,0.12179350248310919,113.05131086929433,0.0,0.0013093396017005235,0.009044104869543546,0.0005176722235622034,0.0,Checksum:,32901
cc2,1,2025-04-16T08:45:05.261,66:40:f4:4c:ac:ea,4,2025-04-16,08:45:02.103000,2025-04-16,08:44:55.212000,2.1951644919300852,562.508597120192,0.0,1.707350160390066,109.57602389448141,0.0,0.4878143315400189,452.9325732257105,0.0,0.008766081911558513,0.03623460585805684,0.002250034388480768,0.0,0.09879929398251558,0.3951971759300623,6.915950578776091,21.93344326411846,0.0,0.0,0.0,0.29021574357498775,0.0,267.28869983256374,0.0,0.0,0.0005532760463020873,0.0017546754611294769,0.0,0.021383095986605097,2.7663802315104364e-05,0.0011504152075312516,0.0,0.0,0.4268375400975165,27.394005973620352,0.0,0.12195358288500473,113.23314330642762,0.0,0.0021915204778896282,0.00905865146451421,0.000562508597120192,0.0,Checksum:,36313
cc3,0,2025-04-16T08:45:05.258,Checksum:,3417
cc1,1,2025-04-16T08:45:21.767,b6:18:fc:ea:5f:68,4,2025-04-16,08:45:17.479000,2025-04-16,08:45:10.823000,1.3915587642517582,500.4684953104529,0.0,0.8934258770305246,62.53981139213672,0.0,0.49813288722123367,437.9286839183161,0.0,0.005003184911370938,0.035034294713465294,0.0020018739812418117,0.0,0.0,0.19764649490464542,0.0,13.835254643325179,0.0,0.0,0.0,0.30048639231658825,0.0,276.74796732357777,0.0,0.0,0.0,0.0011068203714660143,0.0,0.02213983738588622,0.0,0.0011490599642186336,0.0,0.0,0.22335646925763114,15.63495284803418,0.0,0.12453322180530842,109.48217097957902,0.0,0.0012507962278427345,0.008758573678366324,0.0005004684953104529,0.0,Checksum:,33193
cc2,1,2025-04-16T08:45:22.040,66:40:f4:4c:ac:ea,4,2025-04-16,08:45:18.891000,2025-04-16,08:45:12.225000,1.5915914467910586,509.1315165493594,0.0,0.9951941029315401,55.23327271270047,0.0,0.5963973438595186,453.89824383665893,0.0,0.004418661817016037,0.03631185950693271,0.0020365260661974376,0.0,0.0,0.4499947000174091,0.0,22.799731467548728,0.0,0.0,0.0,0.29999646667827273,0.0,264.59688361023655,0.0,0.0,0.0,0.0018239785174038981,0.0,0.021167750688818925,0.0,0.0010583875344409462,0.0,0.0,0.24879852573288502,13.808318178175117,0.0,0.14909933596487965,113.47456095916473,0.0,0.0011046654542540093,0.009077964876733178,0.0005091315165493594,0.0,Checksum:,33285
cc3,0,2025-04-16T08:45:22.039,Checksum:,3413
cc1,1,2025-04-16T08:45:38.394,b6:18:fc:ea:5f:68,4,2025-04-16,08:45:34.106000,2025-04-16,08:45:27.554000,0.9007840243812437,455.7402130812152,0.0,0.39701720086764786,27.79120406073535,0.0,0.5037668235135958,427.9490090204798,0.0,0.0022232963248588282,0.034235920721638384,0.0018229608523248609,0.0,0.0,0.19850860043382393,0.0,13.895602030367675,0.0,0.0,0.0,0.30525822307977185,0.0,261.3010389562847,0.0,0.0,0.0,0.0011116481624294141,0.0,0.020904083116502773,0.0,0.0010452041558251387,0.0,0.0,0.09925430021691196,6.947801015183837,0.0,0.12594170587839895,106.98725225511996,0.0,0.0005558240812147071,0.008558980180409596,0.0004557402130812152,0.0,Checksum:,33157
cc2,1,2025-04-16T08:45:38.677,66:40:f4:4c:ac:ea,4,2025-04-16,08:45:35.510000,2025-04-16,08:45:28.959000,1.351873541604333,500.6777292097607,0.0,0.8479383121592503,49.16809598658306,0.0,0.5039352294450828,451.5096332231776,0.0,0.003933447678926645,0.036120770657854205,0.0020027109168390426,0.0,0.0,0.19865689914556964,0.0,13.905982940189874,0.0,0.0,0.0,0.3052783302995132,0.0,281.1613422058516,0.0,0.0,0.0,0.0011124786352151898,0.0,0.022492907376468127,0.0,0.0011246453688234063,0.0,0.0,0.21198457803981258,12.292023996645765,0.0,0.1259838073612707,112.8774083057944,0.0,0.0009833619197316611,0.009030192664463551,0.0005006777292097607,0.0,Checksum:,33001
cc3,0,2025-04-16T08:45:38.679,Checksum:,3430
cc1,1,2025-04-16T08:45:55.244,b6:18:fc:ea:5f:68,4,2025-04-16,08:45:50.965000,2025-04-16,08:45:44.350000,0.6928091961615297,419.04381378995276,0.0,0.19522577709494565,13.665804396646195,0.0,0.49758341906658404,405.37800939330657,0.0,0.0010932643517316955,0.03243024075146453,0.001676175255159811,0.0,0.0,0.09761288854747283,0.0,6.832902198323097,0.0,0.0,0.0,0.3023576419716384,0.0,253.98041925617625,0.0,0.0,0.0,0.0005466321758658477,0.0,0.020318433540494098,0.0,0.0010159216770247049,0.0,0.0,0.04880644427373641,3.4164510991615487,0.0,0.12439585476664601,101.34450234832664,0.0,0.00027331608793292386,0.008107560187866132,0.00041904381378995276,0.0,Checksum:,33479
cc2,1,2025-04-16T08:45:55.535,66:40:f4:4c:ac:ea,4,2025-04-16,08:45:52.366000,2025-04-16,08:45:45.745000,0.8439368160529623,419.9059782732105,0.0,0.3464486703911947,14.204395486038983,0.0,0.4974881456617677,405.70158278717156,0.0,0.0011363516388831186,0.03245612662297372,0.001679623913092842,0.0,0.0,0.19540919512062171,0.0,8.011776999945491,0.0,0.0,0.0,0.302078950541146,0.0,246.3453841663045,0.0,0.0,0.0,0.0006409421599956393,0.0,0.019707630733304362,0.0,0.0009853815366652181,0.0,0.0,0.08661216759779868,3.551098871509746,0.0,0.12437203641544192,101.42539569679289,0.0,0.00028408790972077964,0.00811403165574343,0.0004199059782732105,0.0,Checksum:,33079
cc3,0,2025-04-16T08:45:55.537,Checksum:,3422
cc1,1,2025-04-16T08:46:12.264,b6:18:fc:ea:5f:68,4,2025-04-16,08:46:07.837000,2025-04-16,08:46:01.050000,0.4929974207461959,382.46684418105326,0.0,0.0,0.0,0.0,0.4929974207461959,382.46684418105326,0.0,0.0,0.030597347534484263,0.0015298673767242133,0.0,0.0,0.0,0.0,0.0,0.0,0.0,0.0,0.29468878475682736,0.0,228.67849697129802,0.0,0.0,0.0,0.0,0.0,0.01829427975770384,0.0,0.0009147139878851921,0.0,0.0,0.0,0.0,0.0,0.12324935518654898,95.61671104526332,0.0,0.0,0.007649336883621066,0.00038246684418105333,0.0,Checksum:,25810
cc2,1,2025-04-16T08:46:12.541,66:40:f4:4c:ac:ea,4,2025-04-16,08:46:09.256000,2025-04-16,08:46:02.452000,0.9845332949952439,421.3767965624295,0.0,0.49226664749762195,20.182932547402498,0.0,0.49226664749762195,401.193864015027,0.0,0.0016146346037921996,0.032095509121202154,0.0016855071862497178,0.0,0.0,0.29397851028461214,0.0,12.053118921669096,0.0,0.0,0.0,0.29397851028461214,0.0,239.88646439224348,0.0,0.0,0.0,0.0009642495137335276,0.0,0.01919091715137948,0.0,0.000959545857568974,0.0,0.0,0.12306666187440549,5.045733136850624,0.0,0.12306666187440549,100.29846600375674,0.0,0.0004036586509480499,0.008023877280300538,0.00042137679656242946,0.0,Checksum:,33319
cc3,0,2025-04-16T08:46:12.545,Checksum:,3415
cc1,1,2025-04-16T08:46:29.341,b6:18:fc:ea:5f:68,4,2025-04-16,08:46:24.954000,2025-04-16,08:46:18.066000,0.4859097433857543,376.82300599565247,0.0,0.0,0.0,0.0,0.4859097433857543,376.82300599565247,0.0,0.0,0.030145840479652193,0.0015072920239826099,0.0,0.0,0.0,0.0,0.0,0.0,0.0,0.0,0.29039635259814933,0.0,225.20237143986478,0.0,0.0,0.0,0.0,0.0,0.01801618971518918,0.0,0.0009008094857594592,0.0,0.0,0.0,0.0,0.0,0.12147743584643858,94.20575149891312,0.0,0.0,0.007536460119913048,0.00037682300599565247,0.0,Checksum:,25797
cc2,1,2025-04-16T08:46:29.623,66:40:f4:4c:ac:ea,4,2025-04-16,08:46:26.422000,2025-04-16,08:46:19.497000,0.82376769452572,408.79312343289286,0.0,0.33968634877822623,13.927140299907276,0.0,0.4840813457474937,394.86598313298555,0.0,0.001114171223992582,0.03158927865063885,0.0016351724937315715,0.0,0.0,0.19529135180895874,0.0,8.00694542416731,0.0,0.0,0.0,0.28878999393853494,0.0,235.50824005687525,0.0,0.0,0.0,0.0006405556339333847,0.0,0.01884065920455002,0.0,0.000942032960227501,0.0,0.0,0.08492158719455656,3.481785074976819,0.0,0.12102033643687342,98.71649578324639,0.0,0.0002785428059981455,0.007897319662659712,0.0004087931234328929,0.0,Checksum:,33094
cc3,0,2025-04-16T08:46:29.622,Checksum:,3419
cc1,1,2025-04-16T08:46:46.413,b6:18:fc:ea:5f:68,4,2025-04-16,08:46:42.119000,2025-04-16,08:46:35.148000,0.4830997196571586,374.35692292834517,0.0,0.0,0.0,0.0,0.4830997196571586,374.35692292834517,0.0,0.0,0.029948553834267616,0.0014974276917133808,0.0,0.0,0.0,0.0,0.0,0.0,0.0,0.0,0.286909665781306,0.0,222.2115361476215,0.0,0.0,0.0,0.0,0.0,0.01777692289180972,0.0,0.000888846144590486,0.0,0.0,0.0,0.0,0.0,0.12077492991428965,93.58923073208629,0.0,0.0,0.007487138458566904,0.0003743569229283452,0.0,Checksum:,25582
cc2,1,2025-04-16T08:46:46.689,66:40:f4:4c:ac:ea,4,2025-04-16,08:46:43.532000,2025-04-16,08:46:36.644000,0.9720384850734538,416.2281302451757,0.0,0.48601924253672696,19.926788944005807,0.0,0.48601924253672696,396.3013413011699,0.0,0.0015941431155204644,0.03170410730409359,0.0016649125209807025,0.0,0.0,0.29036060879928255,0.0,11.904784960770584,0.0,0.0,0.0,0.29036060879928255,0.0,236.64389617141526,0.0,0.0,0.0,0.0009523827968616468,0.0,0.01893151169371322,0.0,0.0009465755846856611,0.0,0.0,0.12150481063418174,4.981697236001452,0.0,0.12150481063418174,99.07533532529247,0.0,0.0003985357788801161,0.007926026826023398,0.00041622813024517563,0.0,Checksum:,33263
cc3,0,2025-04-16T08:46:46.688,Checksum:,3430
cc1,1,2025-04-16T08:47:03.104,b6:18:fc:ea:5f:68,4,2025-04-16,08:46:58.828000,2025-04-16,08:46:52.191000,0.499921738317307,387.19289442326897,0.0,0.0,0.0,0.0,0.499921738317307,387.19289442326897,0.0,0.0,0.030975431553861513,0.0015487715776930757,0.0,0.0,0.0,0.0,0.0,0.0,0.0,0.0,0.3013562815962434,0.0,233.70179637788675,0.0,0.0,0.0,0.0,0.0,0.01869614371023094,0.0,0.000934807185511547,0.0,0.0,0.0,0.0,0.0,0.12498043457932675,96.79822360581724,0.0,0.0,0.007743857888465378,0.0003871928944232689,0.0,Checksum:,25578
cc2,1,2025-04-16T08:47:03.387,66:40:f4:4c:ac:ea,4,2025-04-16,08:47:00.241000,2025-04-16,08:46:53.621000,0.8496853664889971,422.7308846673115,0.0,0.349305147646368,14.321511053501089,0.0,0.5003802188426291,408.40937361381043,0.0,0.0011457208842800871,0.03267274988910483,0.001690923538669246,0.0,0.0,0.19823007645010696,0.0,8.127433134454385,0.0,0.0,0.0,0.30215014239252214,0.0,246.55451619229808,0.0,0.0,0.0,0.0006501946507563508,0.0,0.019724361295383845,0.0,0.0009862180647691923,0.0,0.0,0.087326286911592,3.5803777633752722,0.0,0.12509505471065727,102.10234340345261,0.0,0.0002864302210700218,0.008168187472276208,0.0004227308846673115,0.0,Checksum:,32966
cc3,0,2025-04-16T08:47:03.388,Checksum:,3421
cc1,1,2025-04-16T08:47:19.721,b6:18:fc:ea:5f:68,4,2025-04-16,08:47:15.443000,2025-04-16,08:47:08.937000,0.5052263242766504,391.2977881522657,0.0,0.0,0.0,0.0,0.5052263242766504,391.2977881522657,0.0,0.0,0.031303823052181254,0.0015651911526090626,0.0,0.0,0.0,0.0,0.0,0.0,0.0,0.0,0.3073941138293763,0.0,238.07674116085195,0.0,0.0,0.0,0.0,0.0,0.019046139292868157,0.0,0.0009523069646434078,0.0,0.0,0.0,0.0,0.0,0.1263065810691626,97.82444703806642,0.0,0.0,0.007825955763045313,0.00039129778815226565,0.0,Checksum:,25563
cc2,1,2025-04-16T08:47:19.988,66:40:f4:4c:ac:ea,4,2025-04-16,08:47:16.849000,2025-04-16,08:47:10.333000,0.856732385931931,426.6792569524763,0.0,0.3516302569812715,14.416840536232131,0.0,0.5051021289506595,412.26241641624415,0.0,0.0011533472428985705,0.03298099331329953,0.0017067170278099052,0.0,0.0,0.19815838501188343,0.0,8.124493785487221,0.0,0.0,0.0,0.3069437439387761,0.0,250.46609505404132,0.0,0.0,0.0,0.0006499595028389777,0.0,0.020037287604323308,0.0,0.0010018643802161653,0.0,0.0,0.08790756424531787,3.604210134058033,0.0,0.12627553223766488,103.06560410406104,0.0,0.0002883368107246426,0.008245248328324883,0.0004266792569524763,0.0,Checksum:,33063
cc3,0,2025-04-16T08:47:19.993,Checksum:,3430
cc1,1,2025-04-16T08:47:36.569,b6:18:fc:ea:5f:68,4,2025-04-16,08:47:32.201000,2025-04-16,08:47:25.525000,0.6963560059196976,412.20466377108585,0.0,0.09918743614709949,6.943120530296964,0.0,0.5971685697725981,405.26154324078885,0.0,0.0005554496424237572,0.03242092345926311,0.0016488186550843431,0.0,0.0,0.09918743614709949,0.0,6.943120530296964,0.0,0.0,0.0,0.2996062613312997,0.0,244.47870924634057,0.0,0.0,0.0,0.0005554496424237572,0.0,0.019558296739707246,0.0,0.0009779148369853622,0.0,0.0,0.024796859036774872,1.735780132574241,0.0,0.14929214244314953,101.31538581019721,0.0,0.0001388624106059393,0.008105230864815778,0.0004122046637710858,0.0,Checksum:,33351
cc2,1,2025-04-16T08:47:36.846,66:40:f4:4c:ac:ea,4,2025-04-16,08:47:33.618000,2025-04-16,08:47:26.921000,0.994445595637353,425.77203826125685,0.0,0.4972227978186765,20.386134710565734,0.0,0.4972227978186765,405.3859035506912,0.0,0.001630890776845259,0.03243087228405529,0.0017030881530450276,0.0,0.0,0.29864665693963693,0.0,12.244512934525114,0.0,0.0,0.0,0.29864665693963693,0.0,243.5463487342739,0.0,0.0,0.0,0.0009795610347620091,0.0,0.019483707898741914,0.0,0.0009741853949370955,0.0,0.0,0.12430569945466913,5.096533677641434,0.0,0.12430569945466913,101.3464758876728,0.0,0.00040772269421131475,0.008107718071013823,0.0004257720382612569,0.0,Checksum:,33213
cc3,0,2025-04-16T08:47:36.845,Checksum:,3425
cc1,1,2025-04-16T08:47:53.683,b6:18:fc:ea:5f:68,4,2025-04-16,08:47:49.399000,2025-04-16,08:47:42.391000,0.767026664875554,393.639046600445,0.0,0.28537607377382573,19.9763251641678,0.0,0.48165059110172825,373.6627214362772,0.0,0.001598106013133424,0.029893017714902177,0.00157455618640178,0.0,0.0,0.14268803688691287,0.0,9.9881625820839,0.0,0.0,0.0,0.28537607377382573,0.0,221.45183324848875,0.0,0.0,0.0,0.000799053006566712,0.0,0.0177161466598791,0.0,0.0009257599833222906,0.0,0.0,0.07134401844345643,4.99408129104195,0.0,0.12041264777543206,93.4156803590693,0.0,0.000399526503283356,0.007473254428725544,0.000393639046600445,0.0,Checksum:,32511
cc2,1,2025-04-16T08:47:53.964,66:40:f4:4c:ac:ea,4,2025-04-16,08:47:50.817000,2025-04-16,08:47:43.794000,1.3897563358267433,446.46531976320585,0.0,0.9084488744501983,53.76253849130606,0.0,0.4813074613765449,392.70278127189977,0.0,0.004301003079304484,0.03141622250175198,0.0017858612790528235,0.0,0.0,0.42714141307365344,0.0,25.770865255443756,0.0,0.0,0.0,0.2847609420491023,0.0,232.22254824104292,0.0,0.0,0.0,0.0020616692204355005,0.0,0.018577803859283433,0.0,0.000968756724851046,0.0,0.0,0.22711221861254957,13.440634622826515,0.0,0.12032686534413622,98.17569531797494,0.0,0.001075250769826121,0.007854055625437995,0.0004464653197632059,0.0,Checksum:,33063
cc3,0,2025-04-16T08:47:53.962,Checksum:,3424
cc1,1,2025-04-16T08:48:10.304,b6:18:fc:ea:5f:68,4,2025-04-16,08:48:06.061000,2025-04-16,08:47:59.557000,0.5043899707061908,403.22021230610926,0.0,0.0,0.0,0.0,0.5043899707061908,403.22021230610926,0.0,0.0,0.032257616984488736,0.001612880849224437,0.0,0.0,0.0,0.0,0.0,0.0,0.0,0.0,0.30749672007110473,0.0,238.6174547751773,0.0,0.0,0.0,0.0,0.0,0.019089396382014182,0.0,0.0009544698191007091,0.0,0.0,0.0,0.0,0.0,0.1260974926765477,100.80505307652732,0.0,0.0,0.008064404246122184,0.00040322021230610925,0.0,Checksum:,25572
cc2,1,2025-04-16T08:48:10.598,66:40:f4:4c:ac:ea,4,2025-04-16,08:48:07.462000,2025-04-16,08:48:00.972000,1.0531178396789722,465.6109690002968,0.0,0.547980336453072,28.178484434818305,0.0,0.5051375032259003,437.4324845654785,0.0,0.0022542787547854643,0.03499459876523828,0.001862443876001187,0.0,0.0,0.29541158484012175,0.0,14.96752029856617,0.0,0.0,0.0,0.3081964466658192,0.0,264.12435479260705,0.0,0.0,0.0,0.0011974016238852935,0.0,0.021129948383408564,0.0,0.0010564974191704282,0.0,0.0,0.136995084113268,7.044621108704576,0.0,0.12628437580647509,109.35812114136962,0.0,0.0005635696886963661,0.00874864969130957,0.00046561096900029676,0.0,Checksum:,32974
cc3,0,2025-04-16T08:48:10.591,Checksum:,3416
cc1,1,2025-04-16T08:48:27.270,b6:18:fc:ea:5f:68,4,2025-04-16,08:48:22.838000,2025-04-16,08:48:16.222000,1.6484890227462559,491.85427127277745,0.0,0.9982319731990319,69.87623812393223,0.0,0.650257049547224,421.9780331488452,0.0,0.005590099049914579,0.03375824265190761,0.0019674170850911095,0.0,0.0,0.30228212589541614,0.0,21.15974881267913,0.0,0.0,0.0,0.30228212589541614,0.0,258.75349976647624,0.0,0.0,0.0,0.0016927799050143306,0.0,0.020700279981318098,0.0,0.0010350139990659049,0.0,0.0,0.24955799329975797,17.469059530983056,0.0,0.162564262386806,105.4945082872113,0.0,0.0013975247624786447,0.008439560662976903,0.0004918542712727774,0.0,Checksum:,33083
cc2,1,2025-04-16T08:48:27.547,66:40:f4:4c:ac:ea,4,2025-04-16,08:48:24.365000,2025-04-16,08:48:17.635000,2.468877778671268,558.262282301464,0.0,1.826507612087801,113.53604172985271,0.0,0.6423701665834672,444.7262405716113,0.0,0.009082883338388215,0.035578099245728904,0.002233049129205856,0.0,0.09829316701791312,0.4457838325476411,6.880521691253918,22.58638084908048,0.0,0.0,0.0,0.2971892216984274,0.0,274.00846240595007,0.0,0.0,0.0005504417353003135,0.0018069104679264384,0.0,0.021920676992476004,2.7522086765015672e-05,0.0011792468316993599,0.0,0.0,0.45662690302195025,28.384010432463178,0.0,0.1605925416458668,111.18156014290282,0.0,0.0022707208345970537,0.008894524811432226,0.000558262282301464,0.0,Checksum:,36345
cc3,0,2025-04-16T08:48:27.546,Checksum:,3424
cc1,1,2025-04-16T08:48:44.198,b6:18:fc:ea:5f:68,4,2025-04-16,08:48:39.904000,2025-04-16,08:48:33.215000,1.731017625578808,512.5561002476979,0.0,1.089765792161681,76.28360545131768,0.0,0.6412518334171269,436.2724947963803,0.0,0.006102688436105414,0.034901799583710424,0.0020502244009907916,0.0,0.0,0.2990093058297028,0.0,20.930651408079196,0.0,0.0,0.0,0.2990093058297028,0.0,256.10147044314044,0.0,0.0,0.0,0.0016744521126463357,0.0,0.020488117635451237,0.0,0.0011081284874048785,0.0,0.0,0.27244144804042025,19.07090136282942,0.0,0.16031295835428172,109.06812369909507,0.0,0.0015256721090263535,0.008725449895927606,0.0005125561002476979,0.0,Checksum:,32921
cc2,1,2025-04-16T08:48:44.470,66:40:f4:4c:ac:ea,4,2025-04-16,08:48:41.314000,2025-04-16,08:48:34.623000,1.9300939558681962,537.952469254314,0.0,1.4361955868838239,90.54516058749998,0.0,0.49389836898437217,447.40730866681395,0.0,0.007243612847,0.03579258469334512,0.002151809877017256,0.0,0.0,0.4483988489150796,0.0,27.05339721787647,0.0,0.0,0.0,0.2989325659433864,0.0,263.3595905961234,0.0,0.0,0.0,0.0021642717774301174,0.0,0.02106876724768987,0.0,0.0010952889216165676,0.0,0.0,0.35904889672095597,22.636290146874995,0.0,0.12347459224609304,111.85182716670349,0.0,0.00181090321175,0.00894814617333628,0.000537952469254314,0.0,Checksum:,32400
cc3,0,2025-04-16T08:48:44.474,Checksum:,3423
cc1,1,2025-04-16T08:49:01.162,b6:18:fc:ea:5f:68,4,2025-04-16,08:48:56.883000,2025-04-16,08:48:50.048000,3.46988872402747,819.6917838138706,0.0,2.980124985383487,364.28220228143016,0.0,0.4897637386439838,455.4095815324405,0.0,0.02914257618251441,0.036432766522595236,0.0032787671352554827,0.0,0.09857223275753131,0.7315481828223029,6.900056293027192,90.12673612370773,0.0,0.0,0.0,0.29261927312892116,0.0,269.5023505517364,0.0,0.0,0.0005520045034421754,0.007210138889896618,0.0,0.021560188044138912,2.760022517210877e-05,0.0013975496484637277,0.0,0.0,0.7450312463458717,91.07055057035754,0.0,0.12244093466099595,113.85239538311012,0.0,0.007285644045628602,0.009108191630648809,0.0008196917838138707,0.0,Checksum:,36232
cc2,1,2025-04-16T08:49:01.453,66:40:f4:4c:ac:ea,4,2025-04-16,08:48:58.299000,2025-04-16,08:48:51.448000,3.863078524529165,832.1736125920745,0.0,3.2277922850788583,371.3131640417078,0.0,0.6352862394503067,460.86044855036675,0.0,0.029705053123336624,0.03686883588402934,0.0033286944503682983,0.0,0.19734237573306979,0.5839251516229826,13.813966301314885,79.70578319653713,0.0,0.0,0.0,0.437943863717237,0.0,279.7001476274087,0.0,0.0,0.0011051173041051908,0.00637646265572297,0.0,0.022376011810192695,5.525586520525954e-05,0.0013967489626821744,0.0,0.0,0.8069480712697146,92.82829101042695,0.0,0.15882155986257668,115.21511213759169,0.0,0.007426263280834156,0.009217208971007335,0.0008321736125920746,0.0,Checksum:,36270
cc3,0,2025-04-16T08:49:01.452,Checksum:,3413
cc1,1,2025-04-16T08:49:18.409,b6:18:fc:ea:5f:68,4,2025-04-16,08:49:14.125000,2025-04-16,08:49:07.108000,0.6762282217064006,431.8079967517049,0.0,0.19559521105334096,13.691664773733867,0.0,0.48063301065305974,418.1163319779711,0.0,0.0010953331818987094,0.03344930655823768,0.0017272319870068197,0.0,0.0,0.09779760552667048,0.0,6.845832386866934,0.0,0.0,0.0,0.28503779959971876,0.0,239.14671386416404,0.0,0.0,0.0,0.0005476665909493547,0.0,0.019131737109133122,0.0,0.0009565868554566562,0.0,0.0,0.04889880276333524,3.422916193433467,0.0,0.12015825266326494,104.52908299449277,0.0,0.00027383329547467735,0.00836232663955942,0.0004318079967517049,0.0,Checksum:,33395
cc2,1,2025-04-16T08:49:18.696,66:40:f4:4c:ac:ea,4,2025-04-16,08:49:15.521000,2025-04-16,08:49:08.514000,1.0602744625699476,438.3668379766938,0.0,0.5790839517983108,26.5813518135043,0.0,0.4811905107716367,411.7854861631895,0.0,0.0021265081450803436,0.03294283889305516,0.0017534673519067753,0.0,0.0,0.29368032308002257,0.0,14.879803036054478,0.0,0.0,0.0,0.28540362871828834,0.0,233.0320628484824,0.0,0.0,0.0,0.001190384242884358,0.0,0.018642565027878595,0.0,0.0009321282513939296,0.0,0.0,0.1447709879495777,6.645337953376075,0.0,0.12029762769290918,102.94637154079737,0.0,0.0005316270362700859,0.00823570972326379,0.0004383668379766938,0.0,Checksum:,33019
cc3,0,2025-04-16T08:49:18.693,Checksum:,3428
cc1,1,2025-04-16T08:49:35.212,b6:18:fc:ea:5f:68,4,2025-04-16,08:49:30.926000,2025-04-16,08:49:24.209000,2.282640120628532,509.73262523732717,0.0,1.63766310975626,114.6364176829382,0.0,0.6449770108722717,395.09620755438897,0.0,0.009170913414635055,0.031607696604351115,0.0020389305009493085,0.0,0.0,0.7443923226164818,0.0,52.107462583153726,0.0,0.0,0.0,0.29775692904659273,0.0,230.76162001110936,0.0,0.0,0.0,0.004168597006652298,0.0,0.01846092960088875,0.0,0.0010897903603105294,0.0,0.0,0.409415777439065,28.65910442073455,0.0,0.16124425271806792,98.77405188859724,0.0,0.0022927283536587637,0.007901924151087779,0.0005097326252373271,0.0,Checksum:,32831
cc2,1,2025-04-16T08:49:35.491,66:40:f4:4c:ac:ea,4,2025-04-16,08:49:32.328000,2025-04-16,08:49:25.601000,1.586129803429556,470.6384058328005,0.0,0.9417265055104851,55.85553276623191,0.0,0.6444032979190708,414.7828730665686,0.0,0.004468442621298553,0.03318262984532548,0.001882553623331202,0.0,0.0,0.29732320759141423,0.0,20.812624531398995,0.0,0.0,0.0,0.29732320759141423,0.0,242.4670757907983,0.0,0.0,0.0,0.0016650099625119198,0.0,0.019397366063263862,0.0,0.0010531188012887892,0.0,0.0,0.23543162637762127,13.963883191557978,0.0,0.1611008244797677,103.69571826664215,0.0,0.0011171106553246382,0.00829565746133137,0.0004706384058328005,0.0,Checksum:,32907
cc3,0,2025-04-16T08:49:35.490,Checksum:,3422
cc1,1,2025-04-16T08:49:51.948,b6:18:fc:ea:5f:68,4,2025-04-16,08:49:47.672000,2025-04-16,08:49:41.053000,0.4996356309834009,421.1389340123494,0.0,0.0,0.0,0.0,0.4996356309834009,421.1389340123494,0.0,0.0,0.03369111472098796,0.0016845557360493978,0.0,0.0,0.0,0.0,0.0,0.0,0.0,0.0,0.3021488146507205,0.0,234.31640576163375,0.0,0.0,0.0,0.0,0.0,0.0187453124609307,0.0,0.000937265623046535,0.0,0.0,0.0,0.0,0.0,0.12490890774585023,105.28473350308735,0.0,0.0,0.00842277868024699,0.00042113893401234944,0.0,Checksum:,25403
cc2,1,2025-04-16T08:49:52.231,66:40:f4:4c:ac:ea,4,2025-04-16,08:49:49.072000,2025-04-16,08:49:42.470000,1.000299715688838,454.21011108745097,0.0,0.500149857844419,20.506144171621177,0.0,0.500149857844419,433.7039669158298,0.0,0.0016404915337296941,0.034696317353266386,0.001816840444349804,0.0,0.0,0.3029608666710896,0.0,12.421395533514675,0.0,0.0,0.0,0.3029608666710896,0.0,247.0645867702736,0.0,0.0,0.0,0.0009937116426811739,0.0,0.01976516694162189,0.0,0.0009882583470810944,0.0,0.0,0.12503746446110475,5.126536042905294,0.0,0.12503746446110475,108.42599172895746,0.0,0.00041012288343242353,0.008674079338316596,0.000454210111087451,0.0,Checksum:,32891
cc3,0,2025-04-16T08:49:52.229,Checksum:,3421
cc1,1,2025-04-16T08:50:08.739,b6:18:fc:ea:5f:68,4,2025-04-16,08:50:04.425000,2025-04-16,08:49:57.827000,1.2579483965688283,440.57060217888204,0.0,0.7578638850801691,53.05047195561183,0.0,0.5000845114886591,387.5201302232702,0.0,0.004244037756448947,0.031001610417861616,0.0017622824087155282,0.0,0.0,0.30314555403206767,0.0,21.220188782244733,0.0,0.0,0.0,0.30314555403206767,0.0,235.08937715186846,0.0,0.0,0.0,0.0016976151025795787,0.0,0.018807150172149477,0.0,0.0009827978861719634,0.0,0.0,0.18946597127004228,13.262617988902958,0.0,0.12502112787216477,96.88003255581755,0.0,0.0010610094391122367,0.007750402604465404,0.00044057060217888205,0.0,Checksum:,33244
cc2,1,2025-04-16T08:50:09.022,66:40:f4:4c:ac:ea,4,2025-04-16,08:50:05.838000,2025-04-16,08:49:59.215000,2.206273308306573,516.2273221024233,0.0,1.556114291056502,98.83095652049857,0.0,0.6501590172500711,417.39636558192467,0.0,0.007906476521639885,0.03339170924655397,0.0020649092884096926,0.0,0.0,0.4529776369032154,0.0,27.32965075982733,0.0,0.0,0.0,0.3019850912688103,0.0,246.4198344753492,0.0,0.0,0.0,0.0021863720607861866,0.0,0.019713586758027937,0.0,0.0010702351634566637,0.0,0.0,0.3890285727641255,24.707739130124644,0.0,0.16253975431251777,104.34909139548117,0.0,0.0019766191304099712,0.008347927311638493,0.0005162273221024231,0.0,Checksum:,32838
cc3,0,2025-04-16T08:50:09.020,Checksum:,3404
cc1,1,2025-04-16T08:50:25.507,b6:18:fc:ea:5f:68,4,2025-04-16,08:50:21.225000,2025-04-16,08:50:14.656000,0.4999385017169118,407.85713620066576,0.0,0.0,0.0,0.0,0.4999385017169118,407.85713620066576,0.0,0.0,0.03262857089605326,0.001631428544802663,0.0,0.0,0.0,0.0,0.0,0.0,0.0,0.0,0.3044620234201724,0.0,235.34914410379326,0.0,0.0,0.0,0.0,0.0,0.018827931528303463,0.0,0.000941396576415173,0.0,0.0,0.0,0.0,0.0,0.12498462542922795,101.96428405016644,0.0,0.0,0.008157142724013315,0.00040785713620066573,0.0,Checksum:,25553
cc2,1,2025-04-16T08:50:25.786,66:40:f4:4c:ac:ea,4,2025-04-16,08:50:22.630000,2025-04-16,08:50:16.046000,0.8474794812052191,446.62982574645594,0.0,0.3478012631851012,14.259851790589146,0.0,0.49967821802011786,432.36997395586684,0.0,0.0011407881432471318,0.034589597916469345,0.0017865193029858238,0.0,0.0,0.19592430835008445,0.0,8.032896642353462,0.0,0.0,0.0,0.3037539096700334,0.0,247.71131333591222,0.0,0.0,0.0,0.0006426317313882769,0.0,0.01981690506687298,0.0,0.000990845253343649,0.0,0.0,0.0869503157962753,3.5649629476472864,0.0,0.12491955450502946,108.09249348896671,0.0,0.00028519703581178296,0.008647399479117336,0.00044662982574645595,0.0,Checksum:,33435
cc3,0,2025-04-16T08:50:25.789,Checksum:,3424
cc1,1,2025-04-16T08:50:42.517,b6:18:fc:ea:5f:68,4,2025-04-16,08:50:38.246000,2025-04-16,08:50:31.362000,1.5045207977755877,449.3627393092748,0.0,1.0167179069249372,71.17025348474561,0.0,0.48780289085065043,378.19248582452906,0.0,0.0056936202787796495,0.030255398865962325,0.0017974509572370985,0.0,0.0,0.2904908305499821,0.0,20.334358138498747,0.0,0.0,0.0,0.2904908305499821,0.0,225.2756390915111,0.0,0.0,0.0,0.0016267486510799,0.0,0.018022051127320887,0.0,0.0009417712726430419,0.0,0.0,0.2541794767312343,17.792563371186404,0.0,0.12195072271266261,94.54812145613226,0.0,0.0014234050696949124,0.007563849716490581,0.00044936273930927463,0.0,Checksum:,33068
cc2,1,2025-04-16T08:50:42.793,66:40:f4:4c:ac:ea,4,2025-04-16,08:50:39.655000,2025-04-16,08:50:32.770000,1.9922435350792116,488.72484033611653,0.0,1.5045044876031712,91.17088175541684,0.0,0.4877390474760403,397.5539585806997,0.0,0.007293670540433347,0.03180431668645598,0.001954899361344466,0.0,0.0,0.43575661719734193,0.0,22.07833527133199,0.0,0.0,0.0,0.2905044114648946,0.0,236.90634754962156,0.0,0.0,0.0,0.0017662668217065592,0.0,0.018952507803969725,0.0,0.0010289666254086566,0.0,0.0,0.3761261219007928,22.79272043885421,0.0,0.12193476186901007,99.38848964517493,0.0,0.0018234176351083367,0.007951079171613995,0.0004887248403361165,0.0,Checksum:,32986
cc3,0,2025-04-16T08:50:42.793,Checksum:,3418
cc1,1,2025-04-16T08:50:59.302,b6:18:fc:ea:5f:68,4,2025-04-16,08:50:55.040000,2025-04-16,08:50:48.414000,0.4985185620559438,414.2920480761947,0.0,0.0,0.0,0.0,0.4985185620559438,414.2920480761947,0.0,0.0,0.03314336384609558,0.0016571681923047788,0.0,0.0,0.0,0.0,0.0,0.0,0.0,0.0,0.30180426871700244,0.0,234.2001125243939,0.0,0.0,0.0,0.0,0.0,0.01873600900195151,0.0,0.0009368004500975755,0.0,0.0,0.0,0.0,0.0,0.12462964051398595,103.57301201904868,0.0,0.0,0.008285840961523894,0.0004142920480761947,0.0,Checksum:,25472
cc2,1,2025-04-16T08:50:59.579,66:40:f4:4c:ac:ea,4,2025-04-16,08:50:56.442000,2025-04-16,08:50:49.831000,0.8468308894688582,441.66647730462995,0.0,0.34779178497829755,14.259463184110201,0.0,0.49903910449056066,427.4070141205198,0.0,0.001140757054728816,0.034192561129641585,0.0017666659092185203,0.0,0.0,0.19654446546603446,0.0,8.058323084107414,0.0,0.0,0.0,0.3024946390245262,0.0,246.68437812450114,0.0,0.0,0.0,0.000644665846728593,0.0,0.01973475024996009,0.0,0.0009867375124980047,0.0,0.0,0.08694794624457439,3.5648657960275503,0.0,0.12475977612264016,106.85175353012995,0.0,0.000285189263682204,0.008548140282410396,0.0004416664773046301,0.0,Checksum:,33198
cc3,0,2025-04-16T08:50:59.579,Checksum:,3428
cc1,1,2025-04-16T08:51:16.017,b6:18:fc:ea:5f:68,4,2025-04-16,08:51:11.754000,2025-04-16,08:51:05.108000,0.8005945601597049,408.42431906089337,0.0,0.30097440037314105,21.068208026119873,0.0,0.4996201597865638,387.35611103477345,0.0,0.00168545664208959,0.030988488882781877,0.0016336972762435733,0.0,0.0,0.15048720018657052,0.0,10.534104013059936,0.0,0.0,0.0,0.30097440037314105,0.0,233.40564748937086,0.0,0.0,0.0,0.000842728321044795,0.0,0.01867245179914967,0.0,0.0009757590060097232,0.0,0.0,0.07524360009328526,5.267052006529968,0.0,0.12490503994664096,96.83902775869336,0.0,0.0004213641605223975,0.007747122220695469,0.0004084243190608933,0.0,Checksum:,33139
cc2,1,2025-04-16T08:51:16.288,66:40:f4:4c:ac:ea,4,2025-04-16,08:51:13.152000,2025-04-16,08:51:06.547000,0.8500833144899647,422.4305234079147,0.0,0.3493376975470369,14.322845599428515,0.0,0.5007456169429277,408.10767780848613,0.0,0.0011458276479542812,0.03264861422467889,0.0016897220936316587,0.0,0.0,0.19792977815114612,0.0,8.115120904196992,0.0,0.0,0.0,0.30281583879178164,0.0,246.79490861530203,0.0,0.0,0.0,0.0006492096723357594,0.0,0.01974359268922416,0.0,0.000987179634461208,0.0,0.0,0.08733442438675923,3.5807113998571287,0.0,0.12518640423573194,102.02691945212153,0.0,0.0002864569119885703,0.008162153556169723,0.00042243052340791467,0.0,Checksum:,33261
cc3,0,2025-04-16T08:51:16.288,Checksum:,3419
cc1,1,2025-04-16T08:51:32.815,b6:18:fc:ea:5f:68,4,2025-04-16,08:51:28.495000,2025-04-16,08:51:21.849000,0.49906128696268337,399.85164887966096,0.0,0.0,0.0,0.0,0.49906128696268337,399.85164887966096,0.0,0.0,0.03198813191037288,0.0015994065955186438,0.0,0.0,0.0,0.0,0.0,0.0,0.0,0.0,0.3009496303230195,0.0,233.53691313066315,0.0,0.0,0.0,0.0,0.0,0.018682953050453054,0.0,0.0009341476525226526,0.0,0.0,0.0,0.0,0.0,0.12476532174067084,99.96291221991524,0.0,0.0,0.00799703297759322,0.00039985164887966094,0.0,Checksum:,25837
cc2,1,2025-04-16T08:51:33.098,66:40:f4:4c:ac:ea,4,2025-04-16,08:51:29.907000,2025-04-16,08:51:23.236000,0.9962145705412546,425.9301694505396,0.0,0.49810728527062725,20.42239869609572,0.0,0.49810728527062725,405.5077707544439,0.0,0.0016337918956876574,0.03244062166035551,0.0017037206778021587,0.0,0.0,0.2997778274115303,0.0,12.290890923872743,0.0,0.0,0.0,0.2997778274115303,0.0,243.86926259927992,0.0,0.0,0.0,0.0009832712739098195,0.0,0.01950954100794239,0.0,0.0009754770503971197,0.0,0.0,0.12452682131765681,5.10559967402393,0.0,0.12452682131765681,101.37694268861098,0.0,0.00040844797392191435,0.008110155415088877,0.0004259301694505397,0.0,Checksum:,33168
cc3,0,2025-04-16T08:51:33.097,Checksum:,3416
cc1,1,2025-04-16T08:51:49.441,b6:18:fc:ea:5f:68,4,2025-04-16,08:51:45.150000,2025-04-16,08:51:38.643000,0.5044215396952803,391.02523365145424,0.0,0.0,0.0,0.0,0.5044215396952803,391.02523365145424,0.0,0.0,0.03128201869211634,0.001564100934605817,0.0,0.0,0.0,0.0,0.0,0.0,0.0,0.0,0.30734076447122755,0.0,238.18909246520136,0.0,0.0,0.0,0.0,0.0,0.01905512739721611,0.0,0.0009527563698608054,0.0,0.0,0.0,0.0,0.0,0.12610538492382006,97.75630841286356,0.0,0.0,0.007820504673029085,0.00039102523365145423,0.0,Checksum:,25511
cc2,1,2025-04-16T08:51:49.716,66:40:f4:4c:ac:ea,4,2025-04-16,08:51:46.563000,2025-04-16,08:51:40.049000,0.8549674024881312,425.79898479387094,0.0,0.35072352620694924,14.379664574484918,0.0,0.504243876281182,411.419320219386,0.0,0.0011503731659587935,0.032913545617550874,0.0017031959391754833,0.0,0.0,0.19720317613271648,0.0,8.085330221441376,0.0,0.0,0.0,0.30704070014846546,0.0,250.69873167122205,0.0,0.0,0.0,0.0006468264177153101,0.0,0.020055898533697762,0.0,0.001002794926684888,0.0,0.0,0.08768088155173731,3.5949161436212296,0.0,0.1260609690702955,102.8548300548465,0.0,0.00028759329148969837,0.008228386404387718,0.0004257989847938708,0.0,Checksum:,33224
cc3,0,2025-04-16T08:51:49.713,Checksum:,3418
